index,url,valid,domain,title,description,image,published,archive,content,quote,language,keyword
https://www.stern.de/gesellschaft/regional/berlin-brandenburg/wetter--november-startet-mild---aber-der-winterdienst-ist-startklar-36180018.html,https://www.stern.de/gesellschaft/regional/berlin-brandenburg/wetter--november-startet-mild---aber-der-winterdienst-ist-startklar-36180018.html,0,www.stern.de,Wetter: November startet mild - aber der Winterdienst ist startklar,"Noch ist das Wetter wenig winterlich, doch Räumfahrzeuge und Salzhallen sind vorbereitet. Offiziell startet am 1. November die Winterdienst-Saison bei Straßenmeistereien.",https://image.stern.de/36180020/t/5D/v1/w1440/r1.7778/-/01--nfhnzkts2yv16axs2048jpeg---ce1ab77b26a3e61a.jpg,2025-11-01T04:00:29Z,,"Kopiere den aktuellen Link
Zur Merkliste hinzufügen
Noch ist das Wetter wenig winterlich, doch Räumfahrzeuge und Salzhallen sind vorbereitet. Offiziell startet am 1. November die Winterdienst-Saiso… [+929 chars]",,de,'Winter'
https://www.zeit.de/news/2025-11/01/november-startet-mild-aber-der-winterdienst-ist-startklar,https://www.zeit.de/news/2025-11/01/november-startet-mild-aber-der-winterdienst-ist-startklar,0,www.zeit.de,Wetter: November startet mild - aber der Winterdienst ist startklar,Hier finden Sie Informationen zu dem Thema „Wetter“. Lesen Sie jetzt „November startet mild - aber der Winterdienst ist startklar“.,https://img.zeit.de/news/2025-11/01/november-startet-mild-aber-der-winterdienst-ist-startklar-image-group/wide__1300x731,2025-11-01T04:00:29Z,,"Noch sind Schnee und Eis laut Wetterdienst nicht in Sicht, doch die Straßenmeistereien sind bereits auf den Winterdienst vorbereitet. Offiziell beginnt am 1. November die Wintersaison, wie die Autoba… [+743 chars]",,de,'Schnee'
https://www.n-tv.de/wirtschaft/Osteuropa-zittert-vor-ETS-2-Heizkosten-in-Polen-koennten-um-150-Prozent-steigen-article26128402.html,https://www.n-tv.de/wirtschaft/Osteuropa-zittert-vor-ETS-2-Heizkosten-in-Polen-koennten-um-150-Prozent-steigen-article26128402.html,0,www.n-tv.de,"Zittern vor deutscher Klimawaffe: ""Heizkosten in Polen könnten durch ETS-2 um 150 Prozent steigen""","2027 zündet die EU die nächste Stufe des Emissionshandels: Sie nimmt Wärme und Verkehr auf, greift Privathaushalten also beim Tanken und Heizen in die Tasche. Speziell in Osteuropa droht ein Schock beim Blick auf die Zapfsäule oder die Heizkostenrechnung, wie…",https://www.n-tv.de/img/incoming/crop26128604/2391327033-cImg_16_9-w1200/502480517.jpg,2025-11-01T05:20:59Z,,"2027 zündet die EU die nächste Stufe des Emissionshandels: Sie nimmt Wärme und Verkehr auf, greift Privathaushalten also beim Tanken und Heizen in die Tasche. Speziell in Osteuropa droht ein Schock b… [+9696 chars]",,de,'Gas'
https://www.focus.de/kultur/kino-tv/kein-strom-kein-gas-ich-brauche-das-geld-zum-trinken_4784ed8f-39dd-4120-ba8b-e75681ee3444.html,https://www.focus.de/kultur/kino-tv/kein-strom-kein-gas-ich-brauche-das-geld-zum-trinken_4784ed8f-39dd-4120-ba8b-e75681ee3444.html,0,www.focus.de,"Kein Strom, kein Gas: „Ich brauche das Geld zum Trinken“",Vor zehn Jahren machte der Sender VOX den sozialen Brennpunkt „Asternweg“ in Kaiserslautern bundesweit bekannt. Grundlegend verbessert hat sich an der miserablen Wohnsituation der Sozialschwachen seither wenig.,https://quadro.burda-forward.de/ctf/72ced5b4-8a52-43d5-b3f9-363f99646715.8278011f-b0f7-4aa8-904e-e541a2005693.png?im=RegionOfInterestCrop%3D%281200%2C630%29%2CregionOfInterest%3D%28557.5%2C298%29&hash=6fd5413767b2de607cd4c49f10366f2952a873a5b3d180fb63c04443100b2934,2025-11-01T22:48:01Z,,"Ich bin stolz, Kalkhöfler zu sein, sagt Helmut Kallenbach. Das war vor zehn Jahren. Mittlerweile ist er tot. Der Krebs hatte sich in den damals 44-Jährigen hineingefressen. Zehn Jahre nach der ersten… [+4791 chars]",,de,'Gas'
https://www.n-tv.de/politik/22-01-Von-der-Leyen-Ukraine-wird-Winter-nicht-allein-bewaeltigen-muessen--article23143824.html,https://www.n-tv.de/politik/22-01-Von-der-Leyen-Ukraine-wird-Winter-nicht-allein-bewaeltigen-muessen--article23143824.html,0,www.n-tv.de,"Ukraine-Krieg im Liveticker: +++ 22:01 Von der Leyen: ""Ukraine wird Winter nicht allein bewältigen müssen"" +++",Lesen Sie alle aktuellen Entwicklungen und Nachrichten über den russischen Angriffskrieg auf die Ukraine im Liveticker von ntv.de.,https://www.n-tv.de/img/incoming/crop25117070/8311326854-cImg_16_9-w1200/Ukraine-Liveticker.jpg,2025-11-02T23:10:00Z,,"Ursula von der Leyen hat die Bereitschaft der Europäischen Union bestätigt, der Ukraine im Winter Nothilfe im Energiebereich zu leisten. ""Die EU steht Ihnen zur Seite und leistet Nothilfe im Energieb… [+28360 chars]",,de,'Winter'
https://www.zeit.de/news/2025-11/03/enviam-senkt-erneut-strom-und-gaspreise-fuer-ostdeutschland,https://www.zeit.de/news/2025-11/03/enviam-senkt-erneut-strom-und-gaspreise-fuer-ostdeutschland,0,www.zeit.de,Energiepreise: EnviaM senkt erneut Strom- und Gaspreise für Ostdeutschland,Hier finden Sie Informationen zu dem Thema „Energiepreise“. Lesen Sie jetzt „EnviaM senkt erneut Strom- und Gaspreise für Ostdeutschland“.,https://img.zeit.de/news/2025-11/03/enviam-senkt-erneut-strom-und-gaspreise-fuer-ostdeutschland-image-group/wide__1300x731,2025-11-03T10:09:29Z,,"Die Preise für Strom, Erdgas und Wärmestrom für Kundinnen und Kunden des ostdeutschen Energieversorgers EnviaM und Mitgas sollen zum Jahreswechsel erneut sinken. Grund seien rückläufige Kosten bei de… [+1986 chars]",,de,'Gas'
https://www.zeit.de/news/2025-11/03/mann-stiehlt-notfalltasche-fuer-kinder-aus-rettungswagen,https://www.zeit.de/news/2025-11/03/mann-stiehlt-notfalltasche-fuer-kinder-aus-rettungswagen,0,www.zeit.de,Lübecker Bahnhof: Mann stiehlt Notfalltasche für Kinder aus Rettungswagen,Hier finden Sie Informationen zu dem Thema „Lübecker Bahnhof“. Lesen Sie jetzt „Mann stiehlt Notfalltasche für Kinder aus Rettungswagen“.,https://img.zeit.de/news/2025-11/03/mann-stiehlt-notfalltasche-fuer-kinder-aus-rettungswagen-image-group/wide__1300x731,2025-11-03T11:55:07Z,,Während eines Rettungseinsatzes soll ein Mann am Lübecker Bahnhof eine Notfalltasche für Kinder aus einem Rettungswagen gestohlen haben. Nach Angaben der Polizei soll der 48-Jährige vergangene Woche … [+603 chars],,de,'Kinder'
https://www.stern.de/auto/fuenf-autos-unter-15-000-euro--welche-sich-perfekt-fuer-den-winter-eignen-36159076.html,https://www.stern.de/auto/fuenf-autos-unter-15-000-euro--welche-sich-perfekt-fuer-den-winter-eignen-36159076.html,0,www.stern.de,"Ratgeber: Fünf Autos unter 15.000 Euro, die sich perfekt für den Winter eignen","Die kühlen Herbststürme sind durch und der erste Schnee der Saison ist gefallen. Wohl dem, der einen wintertauglichen Wagen hat, der einem das Wetter nicht übelnimmt.",https://image.stern.de/36159094/t/dJ/v3/w1440/r1.7778/-/range-rover-evoque-1.jpg,2025-11-03T13:15:00Z,,"Kopiere den aktuellen Link
Zur Merkliste hinzufügen
Die kühlen Herbststürme sind durch und der erste Schnee der Saison ist gefallen. Wohl dem, der einen wintertauglichen Wagen hat, der einem das We… [+679 chars]",,de,'Schnee'
https://www.golem.de/sonstiges/zustimmung/auswahl.html?from=https://www.golem.de/news/anzeige-rudergeraet-von-merach-jetzt-bis-zu-170-euro-rabatt-sichern-2511-201790.html&referer=https://t.co/cbcea58bfd,https://www.golem.de/sonstiges/zustimmung/auswahl.html?from=https://www.golem.de/news/anzeige-rudergeraet-von-merach-jetzt-bis-zu-170-euro-rabatt-sichern-2511-201790.html&referer=https://t.co/cbcea58bfd,0,www.golem.de,Anzeige: Rudergerät von Merach - jetzt bis zu 170 Euro Rabatt sichern,"Die Rudergeräte von Merach ermöglichen es, im Herbst und Winter gemütlich zu Hause zu trainieren und dabei jede Menge Geld zu sparen. (Fitness, Wearable)",,2025-11-03T13:43:02Z,,"Besuchen Sie Golem.de wie gewohnt mit Werbung und Tracking,
 indem Sie der Nutzung aller Cookies zustimmen.
 Details zum Tracking finden Sie im Privacy Center.
Skript wurde nicht geladen. Informat… [+607 chars]",,de,'Winter'
https://www.welt.de/sport/article6908ade30580923d09985d5c/drama-im-himalaya-zwei-bergsteiger-nach-heftigem-schneefall-in-nepal-vermisst.html,https://www.welt.de/sport/article6908ade30580923d09985d5c/drama-im-himalaya-zwei-bergsteiger-nach-heftigem-schneefall-in-nepal-vermisst.html,0,www.welt.de,Nach Zyklon und heftigem Schneefall – Zwei Bergsteiger in Nepal vermisst,Zwei Bergsteiger aus Italien wollen den 6887 Meter hohen Panbari im Himalaya besteigen. Dann fängt es in Nepal heftig an zu schneien. Seit Tagen besteht kein Kontakt zu den Männern mehr. Ein Hubschrauber rettet nur den Leiter der Expedition.,https://images.welt.de/6908ade30580923d09985d5c/e388e11125bfe2cd6c75589f4bf79b28-master/ci16x9-w1200/afp-79f66cq-jpg,2025-11-03T13:55:49Z,,Zwei Bergsteiger aus Italien wollen den 6887 Meter hohen Panbari im Himalaya besteigen. Dann fängt es in Nepal heftig an zu schneien. Seit Tagen besteht kein Kontakt zu den Männern mehr. Ein Hubschra… [+1584 chars],,de,'Schnee'
https://www.nzz.ch/wissenschaft/schweizer-klimaszenarien-2025-temperaturanstieg-und-folgen-ld.1909399,https://www.nzz.ch/wissenschaft/schweizer-klimaszenarien-2025-temperaturanstieg-und-folgen-ld.1909399,0,www.nzz.ch,"Tropennächte, Starkregen, weniger Schnee: Neue Szenarien zeigen, wie stark der Klimawandel die Schweiz verändert","Die Klimaszenarien zeigen in grösserem Detail als zuvor, wie die Erderwärmung das Land beeinflusst. Neben der Hitze dürften vor allem Veränderungen beim Niederschlag für Probleme sorgen.","https://img.nzz.ch/2025/11/04/d064ec31-1a6e-4522-8b71-d27e6db5665d.png?width=1200&height=675&fit=bounds&quality=75&auto=webp&crop=1201,676,x0,y113&wmark=nzz",2025-11-04T10:00:00Z,,Selbst im November laden in diesen Tagen Temperaturen bis 15 Grad zum Flanieren ein. Auch dem Laien schwant: Solche Wetterbedingungen sind dank dem Klimawandel wahrscheinlicher geworden. Wie sich das… [+5891 chars],,de,'Schnee'
https://www.stern.de/gesellschaft/regional/sachsen-anhalt/wohnen-und-bauen--bauherren-setzen-verstaerkt-auf-erneuerbare-heizenergie-36187244.html,https://www.stern.de/gesellschaft/regional/sachsen-anhalt/wohnen-und-bauen--bauherren-setzen-verstaerkt-auf-erneuerbare-heizenergie-36187244.html,0,www.stern.de,Wohnen und Bauen: Bauherren setzen verstärkt auf erneuerbare Heizenergie,Halle (sa) - Angesichts steigender Heizkosten entscheiden sich immer mehr Bauherren in Sachsen-Anhalt gegen fossile Brennstoffe. 2024 wurde bei den,https://image.stern.de/36187246/t/2E/v1/w1440/r1.7778/-/04--tmusdo4z5bv4axs2048jpeg---d3a2870d33beb44f.jpg,2025-11-04T10:48:56Z,,"Kopiere den aktuellen Link
Zur Merkliste hinzufügen
Für viele Hausbauer stellt sich die Frage nach der Heizungstechnik bei Neubauten. Dabei entscheiden sich immer mehr gegen fossile Brennstoffe.
A… [+1006 chars]",,de,'Heizkosten'
https://www.bild.de/news/wetter/kalender-verspricht-winter-und-weisse-weihnachten-was-experten-sagen-6909a4980580923d0998674a,https://www.bild.de/news/wetter/kalender-verspricht-winter-und-weisse-weihnachten-was-experten-sagen-6909a4980580923d0998674a,0,www.bild.de,Was Experten davon halten - Kalender verspricht Winter und weiße Weihnachten,Der Winter kommt und alle wollen Schnee: am liebsten ab jetzt und bis in den Februar hinein. Hoffnung macht vielen Fans der Hundertjährige Kalender.,"https://images.bild.de/6909a4980580923d0998674a/5a593631a6a02b5c550cac7ca9342258,4bda1038?w=1280",2025-11-04T10:52:22Z,,Der Winter kommt und alle wollen Schnee: am liebsten ab jetzt und bis in den Februar hinein. Hoffnung macht vielen Fans der Hundertjährige Kalender denn der verspricht für dieses Jahr eine Menge Weiß… [+3393 chars],,de,'Schnee'
https://www.bild.de/regional/hamburg/erster-weihnachtsmarkt-mit-schnee-garantie-in-deutschland-eroeffnet-690663bddf9fa029228f0553,https://www.bild.de/regional/hamburg/erster-weihnachtsmarkt-mit-schnee-garantie-in-deutschland-eroeffnet-690663bddf9fa029228f0553,0,www.bild.de,Und das bei 14 Grad in Deutschland! - Weihnachtsmarkt mit Schnee-Garantie eröffnet,Staunende Besucher beim „Wandsbeker Winterzauber“. Auch bei 14 Grad wirbeln dort auf dem Weihnachtsmarkt Schneeflocken.,"https://images.bild.de/690663bddf9fa029228f0553/c6d756478beed6a90e15d265c72e862f,e00b5a98?w=1280",2025-11-04T11:00:17Z,,"Hamburg Weiße Flocken tanzen durch die Luft mitten im November, mitten auf einem Weihnachtsmarkt in der Hansestadt. Und das bei 14 Grad!
Der Wandsbeker Winterzauber ist zurück und hat eine neue Attr… [+2275 chars]",,de,'Winter'
https://www.zeit.de/news/2025-11/05/enbw-senkt-preise-fuer-strom-und-gas,https://www.zeit.de/news/2025-11/05/enbw-senkt-preise-fuer-strom-und-gas,0,www.zeit.de,Zuschuss für Netze: EnBW senkt Preise für Strom und Gas,Hier finden Sie Informationen zu dem Thema „Zuschuss für Netze“. Lesen Sie jetzt „EnBW senkt Preise für Strom und Gas“.,https://img.zeit.de/news/2025-11/05/enbw-senkt-preise-fuer-strom-und-gas-image-group/wide__1300x731,2025-11-05T04:00:27Z,,"Viele Verbraucher zahlen beim Energieversorger EnBW zum Jahreswechsel weniger für Gas, Haushalts- und Wärmestrom. Bereits zum 1. Dezember sinken die Preise für das Laden von Elektrofahrzeugen, wie de… [+3320 chars]",,de,'Gas'
https://www.stern.de/geo/umsiedlung-mit-folgen--in-kiruna-ist-es-ploetzlich-zehn-grad-kaelter-36190310.html,https://www.stern.de/geo/umsiedlung-mit-folgen--in-kiruna-ist-es-ploetzlich-zehn-grad-kaelter-36190310.html,0,www.stern.de,Umsiedlung mit Folgen: In der Stadt Kiruna ist es plötzlich zehn Grad kälter,"Erst ist im Sommer die Kirche umgezogen, jetzt müssen sich die Bewohner der schwedischen Stadt auf einen harten Winter einstellen: Im neuen Zentrum zieht es gewaltig.",https://image.stern.de/36190316/t/zp/v4/w1440/r1.7778/-/kiruna-d-542129474.jpg,2025-11-05T09:51:00Z,,"Kopiere den aktuellen Link
Zur Merkliste hinzufügen
Erst ist im Sommer die Kirche umgezogen, jetzt müssen sich die Bewohner der schwedischen Stadt auf einen harten Winter einstellen: Im neuen Zentr… [+3442 chars]",,de,'Schnee'
https://www.zeit.de/2025/47/christoph-groener-immobilienunternehmen-insolvenz-justiz-mieter,https://www.zeit.de/2025/47/christoph-groener-immobilienunternehmen-insolvenz-justiz-mieter,0,www.zeit.de,"Christoph Gröner: 41 Porsche, aber kein Geld zum Heizen","Christoph Gröner baute ein riesiges Immobiliengeschäft auf, nun ermittelt die Staatsanwaltschaft wegen Insolvenzverschleppung. Seine Mieter fürchten einen kalten Winter.",https://img.zeit.de/2025/47/41-porsche-aber-kein-geld-zum-heizen-bild-2/wide__1300x731,2025-11-05T11:17:23Z,,"Schließen
Artikelzusammenfassung
Das Immobilienimperium von Christoph Gröner bröckelt: Baustellen stehen still, Forderungen bleiben unbezahlt, und die Staatsanwaltschaft ermittelt wegen Insolvenzve… [+709 chars]",,de,'Winter'
https://www.urlaubspiraten.de/fluege/fort-myers-discover,https://www.urlaubspiraten.de/fluege/fort-myers-discover,0,www.urlaubspiraten.de,Zur besten Reisezeit nach Fort Myers ☀️,"Ahoi USA-Piraten! Da schlägt einem doch das Florida-Herz höher, oder? Wir haben gerade Flüge mit absolutem Seltenheitswert entdeckt! An vielen Daten zur besten Reisezeit im dt. Winter fliegt ihr nonstop mit der Discover Airlines von Frankfurt nach Fort My…",https://image.urlaubspiraten.de/720/image/upload/v1758275823/Global%20Brand%20Assets/Campaigns/DMOs/DMO%20Fort%20Myers%20-%20DACH/Copacetic_Sailing-_Sanibel_Lighthouse2_Fort_Myers_-_Islands_Beaches_and_Neighborhoods_ubknw8.jpg,2025-11-05T11:45:00Z,,"Urlaub in Fort Myers - Beach-Life, Outdoor-Abenteuer und Kultur
Fort Myers - authentischer könnte Florida kaum sein! Willkommen an der Westküste des Sunshine States! Hier ticken die Uhren anders, Pi… [+1904 chars]",,de,'Winter'
https://www.morgenpost.de/ratgeber-wissen/article407866117/erkaeltung-grippe-vorbeugen-wasser-trinken-tipp-experte.html,https://www.morgenpost.de/ratgeber-wissen/article407866117/erkaeltung-grippe-vorbeugen-wasser-trinken-tipp-experte.html,0,www.morgenpost.de,Erkältung effektiv vorbeugen: Experte teilt simplen Wasser-Trick,"Bei Hitze verliert der Körper viel Wasser. Doch auch im Winter sollten wir immer genug trinken. Was dahinter steckt, erklärt ein Experte.",https://img.sparknews.funkemedien.de/407886208/407886208_1762350665_v16_9_1600.jpeg,2025-11-05T13:51:00Z,,"<ul><li>In der Sommerhitze empfinden wir oft besonders großen Durst</li><li>Doch auch im Winter sollte man darauf achten, ausreichend Wasser zu trinken</li><li>Ein Experte verrät, warum das sogar Erk… [+4684 chars]",,de,'Winter'
https://www.stern.de/gesellschaft/regional/hamburg-schleswig-holstein/geburtensaison-beginnt--erste-kegelrobbenbabys-der-saison-auf-helgoland-36191872.html,https://www.stern.de/gesellschaft/regional/hamburg-schleswig-holstein/geburtensaison-beginnt--erste-kegelrobbenbabys-der-saison-auf-helgoland-36191872.html,0,www.stern.de,Geburtensaison beginnt: Erste Kegelrobbenbabys der Saison auf Helgoland,Kegelrobben bringen ihren Nachwuchs im Winter zur Welt. Warum ist die Helgoländer Düne dafür so ein guter Ort und worauf müssen Touristen dort jetzt besonders achten?,https://image.stern.de/36191874/t/So/v1/w1440/r1.7778/-/05--my3of6p7p6v5axs2048jpeg---116f54dd96b97930.jpg,2025-11-05T14:24:12Z,,"Kopiere den aktuellen Link
Zur Merkliste hinzufügen
Kegelrobben bringen ihren Nachwuchs im Winter zur Welt. Warum ist die Helgoländer Düne dafür so ein guter Ort und worauf müssen Touristen dort je… [+2185 chars]",,de,'Winter'
https://www.brigitte.de/liebe/persoenlichkeit/friluftsliv--3-gruende--warum-dich-der-skandi-trend-wintergluecklich-macht-14039510.html,https://www.brigitte.de/liebe/persoenlichkeit/friluftsliv--3-gruende--warum-dich-der-skandi-trend-wintergluecklich-macht-14039510.html,0,www.brigitte.de,Friluftsliv: So hilft Friluftsliv gegen Winterblues,"Nach ""Hygge"" und ""Lagom"" rückt ein weiteres Prinzip skandinavischer Lebenskunst in den Blick: ""Friluftsliv"". Die Norweger:innen machen uns mit ihrem ""Freiluftleben"" vor, wie wir auch bei Kälte und Grau Zufriedenheit und Lebensfreude finden.",https://image.brigitte.de/14039512/t/BP/v2/w1440/r1.7778/-/friluftsliv-winter-skandi.jpg,2025-11-05T15:17:00Z,,"Nach ""Hygge"" und ""Lagom"" rückt ein weiteres Prinzip skandinavischer Lebenskunst in den Blick: ""Friluftsliv"". Die Norweger:innen machen uns mit ihrem ""Freiluftleben"" vor, wie wir auch bei Kälte und Gr… [+4803 chars]",,de,'Winter'
https://www.diepresse.com/20273739/die-wohltat-des-schattenparkens-auch-im-winter-sinnvoll-schenken-teil-4,https://www.diepresse.com/20273739/die-wohltat-des-schattenparkens-auch-im-winter-sinnvoll-schenken-teil-4,0,www.diepresse.com,"Die Wohltat des Schattenparkens auch im Winter. Sinnvoll schenken, Teil 4 [premium]",Origineller als Gutscheine oder Geschenkkörbe: Ein entsiegelter Schattenparkplatz wäre ein schönes Weihnachtsgeschenk für die Familie – oder alle Mitarbeiter.,https://img.diepresse.com/public/incoming/cqztz7-Wien/alternates/DPR_SOCIAL_MEINUNG/Wien,2025-11-05T15:19:29Z,,"Derzeit bläst uns der Zeitgeist Abgase und Feinstaub ins Gesicht. Die Benzinbrüder spüren wieder Rückenwind. Daran, dass die Hitzesommer künftig häufiger, länger und beschwerlicher werden, Dürren wie… [+4314 chars]",,de,'Winter'
https://www.zeit.de/news/2025-11/05/es-hat-sich-etwas-verschoben-debatte-ueber-jugendgewalt,https://www.zeit.de/news/2025-11/05/es-hat-sich-etwas-verschoben-debatte-ueber-jugendgewalt,0,www.zeit.de,"Kinder- und Jugendkriminalität: ""Es hat sich etwas verschoben"" - Debatte über Jugendgewalt","Hier finden Sie Informationen zu dem Thema „Kinder- und Jugendkriminalität“. Lesen Sie jetzt „""Es hat sich etwas verschoben"" - Debatte über Jugendgewalt“.",https://img.zeit.de/news/2025-11/05/es-hat-sich-etwas-verschoben-debatte-ueber-jugendgewalt-image-group/wide__1300x731,2025-11-05T15:21:48Z,,"Die FDP fordert «Bootcamps» für straffällige Jugendliche, die CDU, das Strafrecht schon auf 12- oder 13-Jährige anzuwenden: Der nordrhein-westfälische Landtag hat über den Anstieg der Kinder- und Jug… [+2728 chars]",,de,'Kinder'
https://www.tagesspiegel.de/internationales/erderwarmung-un-chef-warnt-todliche-fahrlassigkeit-beim-klimaschutz-14769398.html,https://www.tagesspiegel.de/internationales/erderwarmung-un-chef-warnt-todliche-fahrlassigkeit-beim-klimaschutz-14769398.html,0,www.tagesspiegel.de,Erderwärmung: UN-Chef warnt: „Tödliche Fahrlässigkeit“ beim Klimaschutz,"Milliarden Steuergelder stützen Kohle, Öl und Gas, obwohl es günstige und klimafreundliche Alternativen gibt. Der UN-Chef prangert „moralisches Versagen“ an – und mahnt zu radikalen Schritten.",https://www.tagesspiegel.de/images/14775626/alternates/BASE_16_9_W1400/1762440981000/weltklimakonferenz-cop30.jpeg,2025-11-06T03:32:39Z,,"Zehn Jahre nach dem als historisch gefeierten Pariser Klimaabkommen ist die Staatengemeinschaft aus Sicht von UN-Generalsekretär António Guterres daran gescheitert, die Erderwärmung unter dem wichtig… [+2506 chars]",,de,'Kohle'
https://www.stern.de/gesellschaft/regional/bayern/knochenbrueche--mann-bei-werkstattunfall-von-auto-eingeklemmt-und-verletzt-36193908.html,https://www.stern.de/gesellschaft/regional/bayern/knochenbrueche--mann-bei-werkstattunfall-von-auto-eingeklemmt-und-verletzt-36193908.html,0,www.stern.de,Knochenbrüche: Mann bei Werkstattunfall von Auto eingeklemmt und verletzt,Ein Routinevorgang endet in einem schweren Unfall: In einer Rosenheimer Autowerkstatt gibt ein 19-Jähriger plötzlich Gas und fährt in Richtung seines Kollegen. Wie konnte es dazu kommen?,https://image.stern.de/36193910/t/89/v1/w1440/r1.7778/-/06--cshgik22rgv6axs2048jpeg---94f5646c38e1be18.jpg,2025-11-06T06:53:08Z,,"Kopiere den aktuellen Link
Zur Merkliste hinzufügen
Ein Routinevorgang endet in einem schweren Unfall: In einer Rosenheimer Autowerkstatt gibt ein 19-Jähriger plötzlich Gas und fährt in Richtung se… [+840 chars]",,de,'Gas'
https://www.zeit.de/politik/ausland/2025-11/us-einwanderungsbehoerde-ice-kindergarten-einsatz-kritik,https://www.zeit.de/politik/ausland/2025-11/us-einwanderungsbehoerde-ice-kindergarten-einsatz-kritik,0,www.zeit.de,US-Einwanderungsbehörde: Kritik am ICE-Einsatz im Kindergarten in Chicago,Beamte der US-Einwanderungsbehörde ICE haben in Chicago eine kolumbianische Kindergärtnerin vor den Augen der Kinder festgenommen. Der Einsatz stößt auf deutliche Kritik.,https://img.zeit.de/administratives/sharing/fallback-image-die-zeit/wide__1300x731,2025-11-06T07:45:49Z,,Die Festnahme einer kolumbianischen Kindergärtnerin an ihrem Arbeitsplatz durch Beamte der US-Einwanderungsbehörde (ICE) in Chicago hat in den USA für Kritik gesorgt. In einem Video des Vorfalls ist … [+3033 chars],,de,'Kinder'
https://www.telepolis.de/article/Wer-kontrolliert-kuenftig-das-Gas-im-Mittelmeer-Tuerkei-oder-Griechenland-10975368.html,https://www.telepolis.de/article/Wer-kontrolliert-kuenftig-das-Gas-im-Mittelmeer-Tuerkei-oder-Griechenland-10975368.html,0,www.telepolis.de,Wer kontrolliert künftig das Gas im Mittelmeer – Türkei oder Griechenland?,Libyens Parlament verweigert die Ratifizierung des türkischen Abkommens. Athen nutzt die Chance und baut seinen Einfluss aus.,https://heise.cloudimg.io/bound/1200x1200/q85.png-lossy-85.webp-lossy-85.foil1/_www-heise-de_/imgs/18/4/9/6/8/5/6/2/Zwischenablage-1-0daf3ae765891c17.jpeg,2025-11-06T09:00:00Z,,"Türkisches Tiefbohrschiff. Foto: aydngvn, shutterstock
Libyens Parlament verweigert die Ratifizierung des türkischen Abkommens. Athen nutzt die Chance und baut seinen Einfluss aus.
Das türkisch-lib… [+5589 chars]",,de,'Gas'
https://wien.orf.at/stories/3328846/,https://wien.orf.at/stories/3328846/,0,wien.orf.at,Mit Windkraft raus aus Gas,Künftig sollen alle Wiener Haushalte mit Ökostrom versorgt werden. Möglich machen soll das der Kauf von ImWind durch Wien Energie. Das hat die Stadt heute bekanntgegeben. Mit dem Kauf von ImWind soll Wien der Ausstieg aus der Gas-Abhängigkeit gelingen.,https://ibs.orf.at/wie?image=https%3A%2F%2Foekastatic.orf.at%2Fmims%2F2025%2F02%2F63%2Fcrops%2Fw%3D1200%2Ch%3D627%2Cq%3D75%2F2476511_master_947763_windpark.jpg%3Fs%3D63cf64abd08ac2c55773167fd2b530aee95db2be,2025-11-06T11:00:00Z,,"Nachdem die zuständige Wettbewerbsbehörde zugestimmt hatte, erwarb Wien Energie nun alle Anteile des heimischen Wind- und Solarkraftpioniers ImWind. Damit erweiterte Wien das Ökostrom-Portfolio des s… [+1440 chars]",,de,'Gas'
https://www.stern.de/digital/technik/balkonkraftwerk-im-winter--was-bringt-das-wirklich---35313936.html,https://www.stern.de/digital/technik/balkonkraftwerk-im-winter--was-bringt-das-wirklich---35313936.html,0,www.stern.de,Solarstrom trotz wenig Sonne: Das Balkonkraftwerk im Winter betreiben: Was bringt das wirklich?,Ist ein Balkonkraftwerk im Winter sinnvoll? In der dunklen Jahreszeit klingt das zunächst paradox – doch die Energieausbeute kann überraschend hoch ausfallen.,https://image.stern.de/35313938/t/Yo/v1/w1440/r1.7778/-/balkonkraftwerk-im-winter.jpg,2025-11-06T15:05:00Z,,"Kopiere den aktuellen Link
Zur Merkliste hinzufügen
Ist ein Balkonkraftwerk im Winter sinnvoll? In der dunklen Jahreszeit klingt das zunächst paradox doch die Energieausbeute kann überraschend hoch… [+6566 chars]",,de,'Winter'
https://www.zeit.de/news/2025-11/06/bundestag-beschliesst-entlastung-von-gaskunden,https://www.zeit.de/news/2025-11/06/bundestag-beschliesst-entlastung-von-gaskunden,0,www.zeit.de,Energiepreise: Bundestag beschließt Entlastung von Gaskunden,Hier finden Sie Informationen zu dem Thema „Energiepreise“. Lesen Sie jetzt „Bundestag beschließt Entlastung von Gaskunden“.,https://img.zeit.de/news/2025-11/06/bundestag-beschliesst-entlastung-von-gaskunden-image-group/wide__1300x731,2025-11-06T15:32:23Z,,Der Bundestag hat die Gaskunden in Deutschland von der Gasspeicherumlage befreit. Mit der vom Parlament beschlossenen Gesetzesänderung übernimmt ab dem kommenden Jahr der Bund die Kosten von derzeit … [+1563 chars],,de,'Gas'
https://www.bild.de/leben-wissen/wohnen-living/gaskosten-sparen-mit-diesen-tipps-heizen-sie-richtig-guenstig-690c82e2b035f3184cc83e90,https://www.bild.de/leben-wissen/wohnen-living/gaskosten-sparen-mit-diesen-tipps-heizen-sie-richtig-guenstig-690c82e2b035f3184cc83e90,0,www.bild.de,Richtig heizen & Gas sparen - Wie heize ich am sparsamsten mit Gas?,"Die steigenden Gaspreise machen sich in vielen Haushalten deutlich bemerkbar. Hier sind einige hilfreiche Tipps, um Heizkosten zu senken und Gas zu sparen.","https://images.bild.de/690c82e2b035f3184cc83e90/16d7ccb81a7ec6ad50fbd084d040f38c,5d32d482?w=1280",2025-11-06T16:18:50Z,,"Die steigenden Gaspreise machen sich in vielen Haushalten deutlich bemerkbar. Grund genug, den eigenen Verbrauch einmal genauer unter die Lupe zu nehmen. 
Dabei braucht es keine aufwendige Modernisi… [+3652 chars]",,de,'Heizkosten'
https://www.tagesschau.de/inland/innenpolitik/bundestag-energiepreise-100.html,https://www.tagesschau.de/inland/innenpolitik/bundestag-energiepreise-100.html,0,www.tagesschau.de,Bundestag beschließt Ende der Gasspeicherumlage,"Seit Deutschland kein billiges Gas mehr aus Russland kauft, sind die Preise dramatisch gestiegen. Der Bundestag hat nun eine Gesetzesänderung beschlossen, wodurch die Kosten auch für die Verbraucher und Unternehmen sinken sollen.",https://images.tagesschau.de/image/e06da574-fc4b-4a87-aca5-bf27670efb91/AAABleBZ9CI/AAABmgWmh8Q/16x9-big/klimageld-energiepreise-emissionshandel-100.jpg?width=1280,2025-11-06T17:24:36Z,,"Stand: 06.11.2025 18:24 Uhr
Seit Deutschland kein billiges Gas mehr aus Russland kauft, sind die Preise dramatisch gestiegen. Der Bundestag hat nun eine Gesetzesänderung beschlossen, wodurch die Kos… [+2188 chars]",,de,'Gas'
https://t3n.de/news/co2-im-meeresboden-norwegen-ccs-1713903/,https://t3n.de/news/co2-im-meeresboden-norwegen-ccs-1713903/,0,t3n.de,Für weniger CO2-Emissionen: Norwegen wendet sich umstrittener Technologie zu,Norwegen glänzt gern als Vorbild bei Elektroautos und Wasserkraft. Doch nach dem Verkauf von Öl und Gas setzt es jetzt auch auf das umstrittene CCS.weiterlesen auf t3n.de,https://cdn.t3n.de/news/wp-content/uploads/2021/05/norwegen.jpg?class=content,2025-11-06T17:30:00Z,,"Tief unter der Nordsee soll die europäische Fossilindustrie ihre Sünden begraben. Dafür macht Norwegen den Europäer:innen ein Angebot: Mit Carbon Capture and Storage (CCS) fossiles CO loswerden.
Den… [+6938 chars]",,de,'Gas'
https://www.faz.net/aktuell/wirtschaft/co2-speicherung-erlaubnis-fuer-ccs-ist-ist-kein-geschaeftsmodell-110767600.html,https://www.faz.net/aktuell/wirtschaft/co2-speicherung-erlaubnis-fuer-ccs-ist-ist-kein-geschaeftsmodell-110767600.html,0,www.faz.net,CCS-Gesetz: Endlich ist der Weg für den Kohlendioxid-Export frei,"Kohlendioxid einzufangen, unterirdisch zu speichern oder ins Ausland zu exportieren, ist künftig legal. Damit das überarbeitete CCS-Gesetz wirkt, sind allerdings noch einige Hürden zu überwinden.",https://media0.faz.net/ppmedia/w1200/aktuell/gesellschaft/502178977/1.10767678/facebook_teaser/funktioniert-schon-co2.jpg.webp,2025-11-06T18:37:57Z,,"Gute Politik ist dazu in der Lage, sich selbst zu korrigieren, wenn sich Instrumente als unwirksam erweisen. Insofern handelt es sich um einen Akt der Vernunft, dass die unterirdische Speicherung und… [+4364 chars]",,de,'Kohle'
https://www.zeit.de/wirtschaft/2025-11/co2-speicherung-unterirdisch-gesetz-deutschland-bundestag-verabschiedet,https://www.zeit.de/wirtschaft/2025-11/co2-speicherung-unterirdisch-gesetz-deutschland-bundestag-verabschiedet,0,www.zeit.de,Carbon Capture and Storage: Bundestag macht Weg für unterirdische CO₂-Speicherung frei,Kohlendioxid-Emissionen sollen in Deutschland künftig unter dem Meeresboden verpresst werden dürfen. Der Bundestag hat die dafür notwendige Gesetzesänderung beschlossen.,https://img.zeit.de/wirtschaft/2025-11/bundestag-co2-speicherung-bild/wide__1300x731,2025-11-06T18:47:47Z,,"Der Bundestag hat den Weg für die unterirdische Speicherung von Kohlendioxid (CO) in Deutschland freigemacht. Das mit der Mehrheit von CDU, CSU und SPD beschlossene Gesetz soll unter anderem den Aufb… [+2056 chars]",,de,'Kohle'
https://www.tagesschau.de/inland/umwelt-co2-speicherung-bundestag-100.html,https://www.tagesschau.de/inland/umwelt-co2-speicherung-bundestag-100.html,0,www.tagesschau.de,Bundestag macht Weg für unterirdische CO2-Speicherung frei,In manchen Industriezweigen gilt der Ausstoß von Kohlendioxid als schwer vermeidbar. Künftig soll das klimaschädliche Gas deshalb unterirdisch gespeichert werden dürfen. Klimaschützer kritisieren die Entscheidung.,https://images.tagesschau.de/image/763eb18d-af8a-4719-b105-277091dd71ca/AAABmlp_Gsw/AAABmgWmh8Q/16x9-big/co2-speicherung-102.jpg?width=1280,2025-11-06T18:50:23Z,,"Stand: 06.11.2025 19:50 Uhr
In manchen Industriezweigen gilt der Ausstoß von Kohlendioxid als schwer vermeidbar. Künftig soll das klimaschädliche Gas deshalb unterirdisch gespeichert werden dürfen. … [+2612 chars]",,de,'Gas'
https://www.stern.de/gesellschaft/regional/sachsen/energieversorgung--fuer-wen-wird-strom-und-gas-in-ostdeutschland-guenstiger--36197664.html,https://www.stern.de/gesellschaft/regional/sachsen/energieversorgung--fuer-wen-wird-strom-und-gas-in-ostdeutschland-guenstiger--36197664.html,0,www.stern.de,Energieversorgung: Für wen wird Strom und Gas in Ostdeutschland günstiger?,"Mehrere ostdeutsche Energieversorger senken ab 2026 ihre Preise, andere wollen noch folgen. Wer kann sich über geringere Kosten freuen? Und wie viel können Kundinnen und Kunden sparen? Ein Überblick.",https://image.stern.de/36197666/t/-i/v1/w1440/r1.7778/-/07--sqo4liqjbiv6axs2048jpeg---a8bf7830e14f6764.jpg,2025-11-07T04:00:20Z,,"Kopiere den aktuellen Link
Zur Merkliste hinzufügen
Mehrere ostdeutsche Energieversorger senken ab 2026 ihre Preise, andere wollen noch folgen. Wer kann sich über geringere Kosten freuen? Und wie v… [+3796 chars]",,de,'Heizkosten'
https://www.bild.de/leben-wissen/wohnen-living/so-entlueften-sie-ihre-heizung-richtig-690b076a0580923d09987ba5,https://www.bild.de/leben-wissen/wohnen-living/so-entlueften-sie-ihre-heizung-richtig-690b076a0580923d09987ba5,0,www.bild.de,Richtig heizen - So entlüften Sie ihre Heizung richtig,Luft im Heizsystem? Entlüften Sie selbst und sparen Sie Heizkosten mit einfachen Schritten und einem Entlüftungsschlüssel.,"https://images.bild.de/690b076a0580923d09987ba5/89f80b27234786e58cec098f2bb105d8,a6d86b6d?w=1280",2025-11-07T07:14:29Z,,"Kaum sinken die Temperaturen, drehen Millionen Deutsche ihre Heizkörper auf doch oft bleibt es trotzdem kalt in der Bude. Der Grund: Luft in der Leitung! Wer jetzt nicht entlüftet, heizt ins Leere.
… [+2347 chars]",,de,'Heizkosten'
https://www.bild.de/news/wetter/wetterexperte-temperaturen-fallen-am-wochenende-um-bis-zu-15-grad-6902163e8ef09a6aa251cc59,https://www.bild.de/news/wetter/wetterexperte-temperaturen-fallen-am-wochenende-um-bis-zu-15-grad-6902163e8ef09a6aa251cc59,0,www.bild.de,Regen und Kälte am Wochenende - Och Nööö-vember!,"Winterjacke statt Übergangsmantel, Schal statt Sonnenbrille – Deutschland droht der Kälteschock! Davor warnt ein Meteorologe.","https://images.bild.de/6902163e8ef09a6aa251cc59/f3bf0c09809b1f81951297f74d868e3c,6b0527fe?w=1280",2025-11-07T09:56:14Z,,Schal und Winterjacke rausholen Deutschland droht der Kälteschock! Die Temperaturen sollen am Wochenende um bis zu 15 Grad abrauschen. Ein abruptes Ende des herbstlichen Wohlfühlwetters der vergangen… [+2172 chars],,de,'Schnee'
https://orf.at/stories/3410793/,https://orf.at/stories/3410793/,0,orf.at,Handysucht erfasst ältere Generation,"Smartphonesucht ist längst nicht mehr nur ein Thema bei Kindern und Jugendlichen. Auch Menschen im Pensionsalter hängen zunehmend am Touchscreen. In Studien ist das Phänomen noch nicht erfasst, Beratungsstellen verzeichneten allerdings seit einigen Jahren ver…",https://ibs.orf.at/news?image=https%3A%2F%2Fassets.orf.at%2Fmims%2F2025%2F45%2F91%2Fcrops%2Fw%3D1200%2Ch%3D630%2Cq%3D75%2F2825596_master_1090691_handysucht_senioren_gy.jpg%3Fs%3Dba8067c215c35e1ba2192418899b206f6a685a1e,2025-11-07T09:57:55Z,,"Auch wenn die Generation 60 plus nicht zu den Digital Natives zählt, also zu jenen Menschen, die mit Handy und Internet aufgewachsen sind, sind viele bereits seit Jahren als Nutzerinnen und Nutzer da… [+3541 chars]",,de,'ältere Menschen'
https://www.tagesspiegel.de/wissen/wie-ein-tourengeher-in-den-alpen-um-sein-leben-kampfte-14757626.html,https://www.tagesspiegel.de/wissen/wie-ein-tourengeher-in-den-alpen-um-sein-leben-kampfte-14757626.html,0,www.tagesspiegel.de,Gefangen im Schneesturm: Wie ein Tourengeher in den Alpen plötzlich um sein Leben kämpfte,"Tommaso Piccioli sagt, er habe die Hölle kennengelernt – im Schneesturm, als seine Gruppe sich verirrte. Sieben Menschen starben. Er überlebte. Was hat ihn gerettet?",https://www.tagesspiegel.de/images/14780639/alternates/BASE_16_9_W1400/1762514225000/adobestock-242977356.jpeg,2025-11-07T10:28:28Z,,"Am Vorabend der Katastrophe isst Tommaso Piccioli, so wird er sich später erinnern, in der gut beheizten Berghütte noch drei Teller Suppe. Als einige Mitglieder der Skigruppe seinen Hunger bemerken, … [+13215 chars]",,de,'Schnee'
https://www.stern.de/panorama/bekommen-wir-winterwetter--unsere-live-karten-zeigen-es-36202774.html,https://www.stern.de/panorama/bekommen-wir-winterwetter--unsere-live-karten-zeigen-es-36202774.html,0,www.stern.de,Vorhersagen: Bekommen wir demnächst Winterwetter? Unsere Live-Karten zeigen es,"Bekommen wir Winterwetter? Zumindest sind die Temperaturen teils bereits einstellig. Wie die Vorhersagen für Ihre Regionen sind, sehen Sie auf unseren Live-Karten.",https://image.stern.de/36202740/t/sk/v1/w1440/r1.7778/-/wann-kommt-winterwetter-wintereinbruch.jpg,2025-11-07T11:00:00Z,,"Kopiere den aktuellen Link
Zur Merkliste hinzufügen
Bekommen wir Winterwetter? Zumindest sind die Temperaturen teils bereits einstellig. Wie die Vorhersagen für Ihre Regionen sind, sehen Sie auf un… [+1730 chars]",,de,'Winter'
https://www.zeit.de/news/2025-11/07/dank-alarm-des-arbeitgebers-ueberlebt-32-jaehriger-vergiftung,https://www.zeit.de/news/2025-11/07/dank-alarm-des-arbeitgebers-ueberlebt-32-jaehriger-vergiftung,0,www.zeit.de,Kohlenmonoxid-Gefahr: Dank Alarm des Arbeitgebers überlebt 32-Jähriger Vergiftung,Hier finden Sie Informationen zu dem Thema „Kohlenmonoxid-Gefahr“. Lesen Sie jetzt „Dank Alarm des Arbeitgebers überlebt 32-Jähriger Vergiftung“.,https://img.zeit.de/news/2025-11/07/dank-alarm-des-arbeitgebers-ueberlebt-32-jaehriger-vergiftung-image-group/wide__1300x731,2025-11-07T13:39:59Z,,"Dass sein Fernbleiben von der Arbeit auffiel, hat möglicherweise einem 32-Jährigen in Oberfranken das Leben gerettet: Sein Arbeitgeber war besorgt, weil er nicht zur Arbeit erschienen war. Fast zeitg… [+1222 chars]",,de,'Kohle'
https://www.bild.de/unterhaltung/stars-und-leute/viveca-sten-darum-erscheinen-ihre-thriller-nie-im-sommer-690dcfa20166cd59ef997def,https://www.bild.de/unterhaltung/stars-und-leute/viveca-sten-darum-erscheinen-ihre-thriller-nie-im-sommer-690dcfa20166cd59ef997def,0,www.bild.de,Bestseller-Autorin Viveca Sten - Darum erscheinen ihre Thriller nie im Sommer,"Viveca Sten veröffentlicht „Lügennebel“, ein packender Thriller um einen mysteriösen Tod im Schnee.","https://images.bild.de/690dcfa20166cd59ef997def/80445f5e8a7a59f85facb7192a376498,2fe8c45a?w=1280",2025-11-07T15:45:42Z,,"Stockholm Ihre Schweden-Thriller sind größere Exportschlager als Knäckebrot. Während ihre Mord im Mittsommer-Reihe seit 2014 erfolgreich im ZDF läuft, verfilmte Streaming-Gigant Netflix Die Åre-Morde… [+2939 chars]",,de,'Schnee'
https://www.morgenpost.de/panorama/article410399254/wetter-dwd-hitzewelle-extremwinter-prognose-vorhersage.html,https://www.morgenpost.de/panorama/article410399254/wetter-dwd-hitzewelle-extremwinter-prognose-vorhersage.html,0,www.morgenpost.de,"Hitzewelle oder Extremwinter? DWD-Experte erklärt, was auf uns zukommt","Der Winter hat kaum begonnen, schon wird spekuliert: Wird er viel zu warm oder eisig kalt? Ein Experte erklärt, was bisher absehbar ist.",https://img.sparknews.funkemedien.de/407749234/407749234_1732386149_v16_9_1600.jpeg,2025-11-07T15:48:05Z,,Hitzewelle im November oder Droht ein Jahrhundertwinter? widersprüchliche Schlagzeilen wie diese sorgen zurzeit für Verwirrung. Wie glaubhaft und zuverlässig sind solche Vorhersagen über mehrere Woch… [+2834 chars],,de,'Schnee'
https://www.zeit.de/news/2025-11/08/kommunen-sehen-sich-fuer-winter-obdachlosenhilfe-gut-geruestet,https://www.zeit.de/news/2025-11/08/kommunen-sehen-sich-fuer-winter-obdachlosenhilfe-gut-geruestet,0,www.zeit.de,Hilfsangebote: Kommunen sehen sich für Winter-Obdachlosenhilfe gut gerüstet,Hier finden Sie Informationen zu dem Thema „Hilfsangebote“. Lesen Sie jetzt „Kommunen sehen sich für Winter-Obdachlosenhilfe gut gerüstet“.,https://img.zeit.de/news/2025-11/08/kommunen-sehen-sich-fuer-winter-obdachlosenhilfe-gut-geruestet-image-group/wide__1300x731,2025-11-08T03:30:10Z,,"Die Thüringer Kommunen sehen sich mit Blick auf die Obdachlosenhilfe im Winter gut gerüstet. «Derzeit reichen die vorhandenen Kapazitäten aus, diese sind aber fast komplett ausgelastet», fasst Sprech… [+3749 chars]",,de,'Winter'
https://www.zeit.de/news/2025-11/08/beim-start-in-die-wintersaison-ist-vorsicht-geboten,https://www.zeit.de/news/2025-11/08/beim-start-in-die-wintersaison-ist-vorsicht-geboten,0,www.zeit.de,Bergsport: Beim Start in die Wintersaison ist Vorsicht geboten,Hier finden Sie Informationen zu dem Thema „Bergsport“. Lesen Sie jetzt „Beim Start in die Wintersaison ist Vorsicht geboten“.,https://img.zeit.de/news/2025-11/08/beim-start-in-die-wintersaison-ist-vorsicht-geboten-image-group/wide__1300x731,2025-11-08T04:45:06Z,,"Die Temperaturen sinken, die Tage werden kürzer. Bei Sonnenschein locken die Berge dennoch viele Freizeitsportler an. Aus Sicht des Deutschen Alpenvereins (DAV) ist gerade die Zeit des Wechsels von H… [+2183 chars]",,de,'Winter'
https://www.stern.de/gesellschaft/regional/bayern/bergsport--beim-start-in-die-wintersaison-ist-vorsicht-geboten-36228998.html,https://www.stern.de/gesellschaft/regional/bayern/bergsport--beim-start-in-die-wintersaison-ist-vorsicht-geboten-36228998.html,0,www.stern.de,Bergsport: Beim Start in die Wintersaison ist Vorsicht geboten,"Anfang November endet die sommerliche Bergsaison, es kommt die Zeit der Winterwanderer, Skitourengeher und Skifahrer. Einen täglichen Lawinenlagebericht gibt es in Bayern mangels Schnee noch nicht.",https://image.stern.de/36229000/t/KO/v1/w1440/r1.7778/-/08--hvof3ubdl5v5axs2048jpeg---413441f42be4bfd0.jpg,2025-11-08T04:45:06Z,,"Kopiere den aktuellen Link
Zur Merkliste hinzufügen
Anfang November endet die sommerliche Bergsaison, es kommt die Zeit der Winterwanderer, Skitourengeher und Skifahrer. Einen täglichen Lawinenlage… [+2766 chars]",,de,'Schnee'
https://www.zeit.de/news/2025-11/08/dezember-hoch-wintertourismus-in-schleswig-holstein-waechst,https://www.zeit.de/news/2025-11/08/dezember-hoch-wintertourismus-in-schleswig-holstein-waechst,0,www.zeit.de,Urlaub im Norden: Dezember-Hoch – Wintertourismus in Schleswig-Holstein wächst,Hier finden Sie Informationen zu dem Thema „Urlaub im Norden“. Lesen Sie jetzt „Dezember-Hoch – Wintertourismus in Schleswig-Holstein wächst“.,https://img.zeit.de/news/2025-11/08/dezember-hoch-wintertourismus-in-schleswig-holstein-waechst-image-group/wide__1300x731,2025-11-08T05:00:11Z,,"Sommer, Sonne, volle Strände so stellen sich viele den Urlaub in Schleswig-Holstein vor. Doch auch im Winter zieht Deutschlands nördlichstes Bundesland zahlreiche Besucher an. Zwar gelten Juni, Juli … [+1770 chars]",,de,'Winter'
https://www.zeit.de/news/2025-11/08/14-jaehriger-stirbt-vermutlich-durch-kohlenmonoxid-vergiftung,https://www.zeit.de/news/2025-11/08/14-jaehriger-stirbt-vermutlich-durch-kohlenmonoxid-vergiftung,0,www.zeit.de,Warnmelder: 14-Jähriger stirbt vermutlich durch Kohlenmonoxid-Vergiftung,Hier finden Sie Informationen zu dem Thema „Warnmelder“. Lesen Sie jetzt „14-Jähriger stirbt vermutlich durch Kohlenmonoxid-Vergiftung“.,https://img.zeit.de/news/2025-11/08/14-jaehriger-stirbt-vermutlich-durch-kohlenmonoxid-vergiftung-image-group/wide__1300x731,2025-11-08T19:07:54Z,,"In Selm unweit von Dortmund ist ein 14-Jähriger tot in einem Wohnhaus gefunden worden. Vermutlich sei er an einer Kohlenmonoxid-Vergiftung gestorben, teilte die Polizei auf Anfrage mit. Demnach hatte… [+806 chars]",,de,'Kohle'
https://www.nzz.ch/international/leben-nach-dem-anschlag-magdeburgs-weihnachtsmarkt-ein-jahr-spaeter-ld.1908636,https://www.nzz.ch/international/leben-nach-dem-anschlag-magdeburgs-weihnachtsmarkt-ein-jahr-spaeter-ld.1908636,0,www.nzz.ch,"«Die Menschen flogen wie Schnee, der von einem Pflug zur Seite geschoben wird» – Besuch auf dem Weihnachtsmarkt in Magdeburg, ein Jahr nach dem Horror","Ab Montag steht ein Mann aus Saudiarabien vor Gericht, weil er mit einem Auto sechs Menschen getötet und mehr als 300 verletzt haben soll. Am Ort des Geschehens ringen die Menschen um Normalität. Eine Reportage.","https://img.nzz.ch/2025/11/05/d721b3cc-cc27-407b-b36d-a074c06cd773.jpg?width=1200&height=675&fit=bounds&quality=75&auto=webp&crop=8192,4608,x0,y395&wmark=nzz",2025-11-09T04:30:00Z,,"Die Kreuzung, an der vier Tage vor Heiligabend 2024 das Unfassbare seinen Ausgang nahm, liegt im Licht eines trüben Novembervormittags im Zentrum von Magdeburg. Hier verlaufen zwei Hauptverkehrsachse… [+16835 chars]",,de,'Gas'
https://www.zeit.de/2025/47/stromversorgung-ukraine-kyjiw-winter-angst,https://www.zeit.de/2025/47/stromversorgung-ukraine-kyjiw-winter-angst,0,www.zeit.de,Stromversorgung in der Ukraine: Wir fürchten den Winter,"Heißes Wasser wird abgefüllt und Essen vorgekocht, Lampen werden aufgeladen. Doch wie viel Kälte und Finsternis können die Ukrainer ertragen?",https://img.zeit.de/2025/47/wir-fuerchten-den-winter-bild-1/wide__1300x731,2025-11-09T05:04:05Z,,"Wieder stellen wir uns auf den schlimmsten aller Winter ein. Dieses Mal, fürchten wir, könnte er wirklich kommen.
Es ist erst Anfang November, aber die Gewohnheiten vergangener Winter kehren zurück.… [+442 chars]",,de,'Winter'
https://www.zeit.de/gesellschaft/2025-11/heizkosten-mietervereine-fernwaerme-abrechnung-beratung,https://www.zeit.de/gesellschaft/2025-11/heizkosten-mietervereine-fernwaerme-abrechnung-beratung,0,www.zeit.de,Heizkostenabrechnung: Mietervereine melden wegen Heizkosten hohen Beratungsbedarf,Vergangenes Jahr sind die Kosten von Fernwärme und Gas stark gestiegen. Mietervereine melden deshalb hohe Nachfrage bei Beratungen zur Heizkostenabrechnung.,https://img.zeit.de/administratives/sharing/fallback-image-die-zeit/wide__1300x731,2025-11-09T05:54:57Z,,"Deutsche Mietervereine melden einen hohen Beratungsbedarf bei der Jahresabrechnung der Heizkosten von 2024. Das hat eine Abfrage der Mietervereine in Berlin, Hamburg, München, Köln und Frankfurt erge… [+1552 chars]",,de,'Heizkosten'
https://www.zeit.de/news/2025-11/09/viele-verletzte-nach-gasunfall-in-betrieb,https://www.zeit.de/news/2025-11/09/viele-verletzte-nach-gasunfall-in-betrieb,0,www.zeit.de,Notfälle: Viele Verletzte nach Gasunfall in Betrieb,Hier finden Sie Informationen zu dem Thema „Notfälle“. Lesen Sie jetzt „Viele Verletzte nach Gasunfall in Betrieb“.,https://img.zeit.de/news/2025-11/09/viele-verletzte-nach-gasunfall-in-betrieb-image-group/wide__1300x731,2025-11-09T09:56:13Z,,"In einer Firma für Obstverarbeitung in Hamburg sind bei einem Austritt von Gas mindestens 27 Mitarbeitende verletzt worden, zwei davon schwer. Die bislang noch unbekannte Substanz sei nach ersten Erk… [+473 chars]",,de,'Gas'
https://www.stern.de/gesellschaft/regional/hamburg-schleswig-holstein/notfaelle--viele-verletzte-nach-gasunfall-in-betrieb-36268406.html,https://www.stern.de/gesellschaft/regional/hamburg-schleswig-holstein/notfaelle--viele-verletzte-nach-gasunfall-in-betrieb-36268406.html,0,www.stern.de,Notfälle: Viele Verletzte nach Gasunfall in Betrieb,"Hamburg (lno) - In einer Firma für Obstverarbeitung in Hamburg sind bei einem Austritt von Gas mindestens 27 Mitarbeitende verletzt worden, zwei davon",https://image.stern.de/36268408/t/bo/v1/w1440/r1.7778/-/09--hy5oedrn74v9axs2048jpeg---bfed684f3337f730.jpg,2025-11-09T09:56:13Z,,"Kopiere den aktuellen Link
Zur Merkliste hinzufügen
Ein bislang unbekanntes Gas tritt in einem Betrieb für Obstverarbeitung aus.
In einer Firma für Obstverarbeitung in Hamburg sind bei einem Austr… [+565 chars]",,de,'Gas'
https://www.n-tv.de/wirtschaft/Dunkelflaute-Biogas-leistet-dasselbe-wie-Gaskraftwerke-50-Milliarden-Euro-guenstiger-article26133275.html,https://www.n-tv.de/wirtschaft/Dunkelflaute-Biogas-leistet-dasselbe-wie-Gaskraftwerke-50-Milliarden-Euro-guenstiger-article26133275.html,0,www.n-tv.de,"Mit Gülle durch die Dunkelflaute: ""Biogas leistet dasselbe wie Gaskraftwerke - 50 Milliarden Euro günstiger""","Aus Biogas kann man Strom und Wärme erzeugen. ""Immer dann, wenn keine Sonne scheint und kein Wind weht"", sagt die Branchensprecherin bei ntv. Ihr zufolge deutlich günstiger als mit neuen Gaskraftwerken. Es gibt nur ein Problem: Die Branche wird von der Politi…",https://www.n-tv.de/img/incoming/crop26133274/6261328577-cImg_16_9-w1200/413862004.jpg,2025-11-09T13:20:47Z,,"Ist Biogas die Lösung für die deutschen Energieprobleme? Man kann daraus Strom erzeugen. Und Wärme. ""Immer dann, wenn keine Sonne scheint und kein Wind weht"", sagt Branchensprecherin Sandra Rostek im… [+10923 chars]",,de,'Gas'
https://www.zeit.de/news/2025-11/10/hessen-ruestet-sich-90-000-tonnen-salz-fuer-den-winterdienst,https://www.zeit.de/news/2025-11/10/hessen-ruestet-sich-90-000-tonnen-salz-fuer-den-winterdienst,0,www.zeit.de,Straßenverkehr: Hessen rüstet sich – 90.000 Tonnen Salz für den Winterdienst,Hier finden Sie Informationen zu dem Thema „Straßenverkehr“. Lesen Sie jetzt „Hessen rüstet sich – 90.000 Tonnen Salz für den Winterdienst“.,https://img.zeit.de/news/2025-11/10/hessen-ruestet-sich-90-000-tonnen-salz-fuer-den-winterdienst-image-group/wide__1300x731,2025-11-10T10:37:02Z,,"Wenn es nach den meisten Autofahrern geht, kann sich der Winter mit Schnee und Glatteis gerne noch ein wenig Zeit lassen. Auch die Straßenverkehrsbehörde Hessen Mobil verspürt keine Eile, die Streuwa… [+1388 chars]",,de,'Winter'
https://ooe.orf.at/stories/3329420/,https://ooe.orf.at/stories/3329420/,0,ooe.orf.at,ADHS: Fehlende Unterstützung an Schulen,In Oberösterreich sind zehntausende Kinder und Eltern betroffen: An den Schulen fehlt es beim Thema Aufmerksamkeitsdefizit-Hyperaktivitätsstörung (ADHS) an ausreichender Unterstützung. Das kritisiert eine Linzer Lerntherapeutin und Leiterin einer Selbsthilfeg…,https://ibs.orf.at/ooe?image=https%3A%2F%2Foekastatic.orf.at%2Fmims%2F2023%2F24%2F01%2Fcrops%2Fw%3D1200%2Ch%3D627%2Cq%3D75%2F1826773_master_681701_adhs.jpg%3Fs%3D86d596fb576fe753267a1047eca73acb2193882c,2025-11-10T13:36:27Z,,"Im Rahmen ihrer pädagogischen Arbeit und ihrer Tätigkeit in der ADHS-Selbsthilfegruppe berichtet Elke Summers, sie werde immer wieder damit konfrontiert, dass ADHS als Modediagnose oder Erziehungsfeh… [+1794 chars]",,de,'Kinder'
https://www.nzz.ch/schweiz/kinder-sind-nicht-mehr-alternativlos-jeder-fuenfte-junge-schweizer-will-keine-ld.1911077,https://www.nzz.ch/schweiz/kinder-sind-nicht-mehr-alternativlos-jeder-fuenfte-junge-schweizer-will-keine-ld.1911077,0,www.nzz.ch,Kinder sind nicht mehr alternativlos. Jeder fünfte (junge) Schweizer will keine,"Eine Frau bringt durchschnittlich noch 1,29 Kinder auf die Welt. Die Geburtenrate sank in den vergangenen Jahren noch stärker als zuvor. Was sind die Gründe?","https://img.nzz.ch/2025/11/10/4fbb46ce-3225-48cd-9f4a-835949b51dff.jpg?width=1200&height=675&fit=bounds&quality=75&auto=webp&crop=6000,3375,x0,y0&wmark=nzz",2025-11-10T13:52:54Z,,"Eine Frau bringt durchschnittlich noch 1,29 Kinder auf die Welt. Die Geburtenrate sank in den vergangenen Jahren noch stärker als zuvor. Was sind die Gründe?
Insgesamt sank die Geburtenzahl seit 201… [+3961 chars]",,de,'Kinder'
https://www.stern.de/kaufkosmos/empfehlungen/hmd-fusion-x1-smartphone--ueberzeugt-das-kinderhandy-im-test--35923616.html,https://www.stern.de/kaufkosmos/empfehlungen/hmd-fusion-x1-smartphone--ueberzeugt-das-kinderhandy-im-test--35923616.html,0,www.stern.de,Test: Ist das HMD Fusion X1 ein geeignetes Smartphone für Kinderhände?,Das HMD Fusion X1 soll ein passendes Einsteigerhandy für Kinder und Jugendliche sein. Der stern hat das Smartphone dem Alltagstest unterzogen.,https://image.stern.de/35923618/t/U8/v3/w1440/r1.7778/-/hmd-fusion-x1-test.jpg,2025-11-10T13:56:00Z,,"Kopiere den aktuellen Link
Zur Merkliste hinzufügen
Das HMD Fusion X1 soll ein passendes Einsteigerhandy für Kinder und Jugendliche sein. Der stern hat das Smartphone dem Test unterzogen.
Die Frag… [+7871 chars]",,de,'Kinder'
https://www.n-tv.de/panorama/Plante-Ex-BND-Chef-Hanning-Entfuehrung-der-Block-Kinder-id30002324.html,https://www.n-tv.de/panorama/Plante-Ex-BND-Chef-Hanning-Entfuehrung-der-Block-Kinder-id30002324.html,0,www.n-tv.de,Akten deuten brisanten Plan an: Plante Ex-BND-Chef Hanning Entführung der Block-Kinder?,"Im Fall um die Entführung der Block-Kinder wird auch gegen August Hanning ermittelt. Die Firma des ehemaligen BND-Chefs könnte geplant haben, die Kinder aus Dänemark zu holen. Vor Gericht will er die Aussage verweigern - neue Details aus der Ermittlungsakte b…",https://www.n-tv.de/img/30002487/1762779618/Img_16_9/1200/August-Hanning-der-ehemalige-Praesident-des-Bundesnachrichtendienstes-BND-kommt-am-02-10-2015-im-Bundestag-in-Berlin-als-Zeuge-zum-NSA-Untersuchungsausschuss-Der-Untersuchungsausschuss-soll-Ausmass-und-Hintergruende-der-Ausspaehung-durch-auslaendische-Geheimdienste-in-Deutschland-aufklaeren.jpg,2025-11-10T13:57:05Z,,"Ursprünglich sollte Hanning Ende Oktober im Strafprozess vor dem Landgericht Hamburg aussagen. Weil er seine Aussage verweigern wollte, wurde seine Ladung wieder aufgehoben. (Foto: picture alliance /… [+5395 chars]",,de,'Kinder'
https://www.n-tv.de/leute/Prinz-William-Kinder-wissen-alles-ueber-Prinzessin-Kates-Krebserkrankung-id30002424.html,https://www.n-tv.de/leute/Prinz-William-Kinder-wissen-alles-ueber-Prinzessin-Kates-Krebserkrankung-id30002424.html,0,www.n-tv.de,"Prinz William setzt auf Offenheit: Kinder wissen ""alles"" über Prinzessin Kates Krebserkrankung","Die Zeit, in der Prinzessin Kate gegen den Krebs kämpft, ist auch für ihre Familie schwer. Prinz William verrät jetzt, wie er und seine Frau mit ihren drei Kindern über die Krankheit gesprochen haben.",https://www.n-tv.de/img/30002394/1762778766/Img_16_9/1200/Kate-Princess-of-Wales-und-Prinz-William-Prince-of-Wales-gehen-waehrend-eines-Besuchs-bei-Mallon-Linen-in-der-Naehe-von-Cookstown-in-der-Grafschaft-Tyrone-einem-Familienbetrieb-der-eine-transparente-Lieferkette-fuer-Flachs-und-Leinen-in-Nordirland-wiederherstellt.jpg,2025-11-10T14:12:02Z,,"Prinz William setzt auf OffenheitKinder wissen ""alles"" über Prinzessin Kates Krebserkrankung 
Prinz William plaudert bei einem offiziellen Besuch in Brasilien auch Privates aus. (Foto: picture allia… [+2872 chars]",,de,'Kinder'
https://www.stern.de/lifestyle/leute/jonathan-bailey---sexiest-man-alive--spricht-ueber-kinder-36308064.html,https://www.stern.de/lifestyle/leute/jonathan-bailey---sexiest-man-alive--spricht-ueber-kinder-36308064.html,0,www.stern.de,"Jonathan Bailey: ""Sexiest Man Alive"" spricht über Kinder","Kann sich Jonathan Bailey vorstellen, einmal Vater zu sein? Gedanken hat sich der Schauspieler schon einige dazu gemacht.",https://image.stern.de/36308068/t/Bw/v1/w1440/r1.7778/-/10---sexiest-man-alive--spricht-ueber-kinder---16-9---spoton-article-1120908.jpg,2025-11-10T14:18:00Z,,"Kopiere den aktuellen Link
Zur Merkliste hinzufügen
Kann sich Jonathan Bailey vorstellen, einmal Vater zu sein? Gedanken hat sich der Schauspieler schon einige dazu gemacht.
Der britische Schauspi… [+1320 chars]",,de,'Kinder'
https://www.zeit.de/news/2025-11/10/nach-leichenfund-in-stuttgart-tote-sind-mutter-und-kinder,https://www.zeit.de/news/2025-11/10/nach-leichenfund-in-stuttgart-tote-sind-mutter-und-kinder,0,www.zeit.de,Obduktionsergebnis liegt vor: Nach Leichenfund in Stuttgart: Tote sind Mutter und Kinder,Hier finden Sie Informationen zu dem Thema „Obduktionsergebnis liegt vor“. Lesen Sie jetzt „Nach Leichenfund in Stuttgart: Tote sind Mutter und Kinder“.,https://img.zeit.de/news/2025-11/10/nach-leichenfund-in-stuttgart-tote-sind-mutter-und-kinder-image-group/wide__1300x731,2025-11-10T15:28:03Z,,"Nach dem Fund von drei Leichen in einer Wohnung im Stuttgarter Stadtteil Feuerbach ist nun klar, wer die Toten waren. Die Obduktion habe ergeben, dass es sich um eine 41 Jahre alte Mutter und ihre be… [+1276 chars]",,de,'Kinder'
https://www.faz.net/aktuell/politik/ausland/unhcr-warnt-millionen-fluechtlingen-droht-harter-winter-accg-110774705.html,https://www.faz.net/aktuell/politik/ausland/unhcr-warnt-millionen-fluechtlingen-droht-harter-winter-accg-110774705.html,0,www.faz.net,Mangelnde Versorgung: UNHCR: Millionen Flüchtlingen droht harter Winter,Millionen Geflüchtete müssen sich laut dem UN-Flüchtlingshilfswerk auf einen Winter ohne ausreichende Hilfe einstellen. Das UNHCR warnt vor den Folgen gesunkener staatlicher Mittel und ruft private Spender zur Hilfe.,https://media1.faz.net/ppmedia/w1200/aktuell/politik/116540992/1.10774719/facebook_teaser/menschen-waermen-sich-an-einem.jpg.webp,2025-11-11T02:36:35Z,,"Millionen Flüchtlinge und Vertriebene weltweit wappnen sich auf der Nordhalbkugel für einen Winter ohne warme Kleidung, Decken, Heizung und Medikamente. Das UN-Flüchtlingshilfswerk (UNHCR) könne ihne… [+1789 chars]",,de,'Winter'
https://www.zeit.de/news/2025-11/11/winterdienst-steht-in-den-startloechern,https://www.zeit.de/news/2025-11/11/winterdienst-steht-in-den-startloechern,0,www.zeit.de,Lager mit Streusalz gefüllt: Winterdienst steht in den Startlöchern,Hier finden Sie Informationen zu dem Thema „Lager mit Streusalz gefüllt“. Lesen Sie jetzt „Winterdienst steht in den Startlöchern“.,https://img.zeit.de/news/2025-11/11/winterdienst-steht-in-den-startloechern-image-group/wide__1300x731,2025-11-11T04:00:40Z,,Die Straßenmeistereien des Landes sind nach Auskunft von Wirtschaftsminister Wolfgang Blank (parteilos) für den bevorstehenden Winter gerüstet. Die Lager sind nach seinen Angaben mit rund 19.750 Tonn… [+893 chars],,de,'Winter'
https://www.stern.de/panorama/21--verhandlungstag--druck-auf-zeugen--strenge-ermahnung-im-block-prozess-36325110.html,https://www.stern.de/panorama/21--verhandlungstag--druck-auf-zeugen--strenge-ermahnung-im-block-prozess-36325110.html,0,www.stern.de,21. Verhandlungstag: Druck auf Zeugen? Strenge Ermahnung im Block-Prozess,"Die Block-Kinder wurden in der Silvesternacht 2023/24 entführt. Weil die Mutter den Auftrag gegeben haben soll, steht sie als Angeklagte vor Gericht. Die Richterin hat sie nun streng ermahnt.",https://image.stern.de/36334592/t/Xw/v2/w1440/r1.7778/-/11--fokgs6nil2v5axs2048jpeg---bdca25ced3ea2043.jpg,2025-11-11T17:00:55Z,,"Kopiere den aktuellen Link
Zur Merkliste hinzufügen
Die Block-Kinder wurden in der Silvesternacht 2023/24 entführt. Weil die Mutter den Auftrag gegeben haben soll, steht sie als Angeklagte vor Geri… [+5068 chars]",,de,'Kinder'
https://www.tagesspiegel.de/potsdam/landeshauptstadt/gross-glienicke-teile-der-pestalozza-grundschule-gesperrt-14814191.html,https://www.tagesspiegel.de/potsdam/landeshauptstadt/gross-glienicke-teile-der-pestalozza-grundschule-gesperrt-14814191.html,0,www.tagesspiegel.de,Groß Glienicke : Teile der Pestalozza-Grundschule gesperrt,"Kinder und Lehrkräfte hatten über Husten und tränende Augen geklagt: Am Dienstag empfahl das Potsdamer Gesundheitsamt, Teile der Grundschule vorsorglich zu sperren. Grund ist vermutlich ein Reinigungsmittel.",https://www.tagesspiegel.de/images/14814182/alternates/BASE_16_9_W1400/1762882336000/grundschule-hanna-von-pestalozza-gro-glienicke.jpeg,2025-11-11T17:40:43Z,,"Das städtische Gesundheitsamt hat empfohlen, die Grundschule Hanna von Pestalozza im nördlichen Ortsteil Groß Glienicke mit sofortiger Wirkung zu sperren. Darüber informierte die Stadtverwaltung am D… [+2071 chars]",,de,'Kinder'
https://www.nzz.ch/zuerich/bulldogge-mischling-greift-in-wetzikon-drei-kinder-auf-einem-spielplatz-an-ld.1911301,https://www.nzz.ch/zuerich/bulldogge-mischling-greift-in-wetzikon-drei-kinder-auf-einem-spielplatz-an-ld.1911301,0,www.nzz.ch,Bulldogge-Mischling greift in Wetzikon drei Kinder auf einem Spielplatz an,Innerhalb von zweieinhalb Stunden ist der Mischlingsrüde Franky gleich zweimal seinem Halter ausgerissen. Ein 23-jähriger Schweizer muss sich deshalb vor dem Bezirksgericht Hinwil verantworten.,"https://img.nzz.ch/2025/11/11/ef2248b2-c887-4bd2-8188-2410037cf29f.jpg?width=1200&height=675&fit=bounds&quality=75&auto=webp&crop=3687,2074,x0,y384&wmark=nzz",2025-11-11T17:51:32Z,,"Innerhalb von zweieinhalb Stunden ist der Mischlingsrüde Franky gleich zweimal seinem Halter ausgerissen. Ein 23-jähriger Schweizer muss sich deshalb vor dem Bezirksgericht Hinwil verantworten.
Von … [+3940 chars]",,de,'Kinder'
https://www.kino.de/news/wird-rambo-zum-kinder-abenteuer-aussage-zum-neuen-actionfilm-verunsichert-stallone-fans--01K9QJP68MR3PFYH4RPP65M4MP,https://www.kino.de/news/wird-rambo-zum-kinder-abenteuer-aussage-zum-neuen-actionfilm-verunsichert-stallone-fans--01K9QJP68MR3PFYH4RPP65M4MP,0,www.kino.de,"Wird ""Rambo"" zum Kinder-Abenteuer? Aussage zum neuen Actionfilm verunsichert Stallone-Fans","Mit ""John Rambo"" kommt bald ein Prequel in die Kinos. Im Interview erklärte Regisseur Jalmari Helander, wie sich sein Actionfilm von der ""Rambo""-Reihe unterscheiden wird.",https://static.kino.de/48/7c/11/6924454117a400f839579d9665_ZmMgOWEyMjdlZDBmZmZmIDE5MjAgMTA4MAM0YzY0NDcwODVkNg==.jpeg,2025-11-11T18:06:37Z,,"Mit ""John Rambo"" kommt bald ein Prequel in die Kinos. Im Interview erklärte Regisseur Jalmari Helander, wie sich sein Actionfilm von der ""Rambo""-Reihe unterscheiden wird.
Die Figur des John James Ra… [+2464 chars]",,de,'Kinder'
https://www.n-tv.de/panorama/Richterin-droht-Christina-Block-mit-Haftbefehl-id30009598.html,https://www.n-tv.de/panorama/Richterin-droht-Christina-Block-mit-Haftbefehl-id30009598.html,0,www.n-tv.de,Ermahnung während Prozess: Richterin droht Christina Block mit Haftbefehl,Christina Block soll in der Silvesternacht 2023/24 die Entführung ihrer beiden Kinder veranlasst haben. Im Prozess vor Gericht sagen derweil etliche Zeugen aus. Einen von ihnen soll die 52-Jährige möglicherweise unter Druck gesetzt haben.,https://www.n-tv.de/img/30009616/1762885763/Img_16_9/1200/Christina-Block-r-deutsche-Gastronomin-und-Unternehmerin-steht-vor-Gerhard-Delling-ehemaliger-Fernsehmoderator-und-Sportjournalist-zu-Beginn-des-Prozesses-wegen-mutmasslicher-Kindesentfuehrung-im-Sitzungssaal-im-Landgericht-Hamburg-In-einer-Nacht-und-Nebel-Aktion-waren-in-der-Silvesternacht-2023-24-zwei-Kinder-der-Gastronomie-Unternehmerin-Block-von-Daenemark-nach-Deutschland-gebracht-worden-Wegen-der-mutmasslichen-Entfuehrung-findet-am-Landgericht-Hamburg-der-Prozess-statt-unter-anderem-gegen-Block.jpg,2025-11-11T18:37:07Z,,"Ermahnung während ProzessRichterin droht Christina Block mit Haftbefehl
Sieben Angeklagte, eine lange Zeugenliste und immer neue Anträge: Das Landgericht Hamburg geht davon aus, dass der Prozess län… [+4569 chars]",,de,'Kinder'
